,0,End,Start
0,Start,,
1,End,,
2,,2021-08-06 20:43:58.795179,2021-08-06 20:43:57.517359
3,,2021-08-06 20:44:00.753112,2021-08-06 20:44:00.668102
4,,2021-08-06 20:44:05.938432,2021-08-06 20:44:04.697498
5,,2021-08-06 20:44:11.761858,2021-08-06 20:44:09.314220
6,,2021-08-06 20:44:22.562811,2021-08-06 20:44:19.997754
7,,2021-08-06 20:44:25.856497,2021-08-06 20:44:25.786989
8,,2021-08-06 20:44:30.745396,2021-08-06 20:44:27.140925
9,,2021-08-06 20:44:35.383898,2021-08-06 20:44:34.095467
10,,2021-08-06 20:44:36.839722,2021-08-06 20:44:36.758711
11,,2021-08-06 20:44:40.575027,2021-08-06 20:44:38.145416
12,,2021-08-06 20:44:43.528202,2021-08-06 20:44:43.464689
13,,2021-08-06 20:44:50.958302,2021-08-06 20:44:44.988373
14,,2021-08-06 20:44:53.907142,2021-08-06 20:44:53.836130
15,,2021-08-06 20:44:57.298914,2021-08-06 20:44:56.058488
16,,2021-08-06 20:45:03.240499,2021-08-06 20:45:00.794320
17,,2021-08-06 20:45:10.725327,2021-08-06 20:45:04.710080
